Name,ExtId__c
California Counter,1
California Cymbal,2
Ohana Omega,3
Nerd NƒÅda,4
Force Fix,5
California Connect,6
Brain Bishop,7
California Crusade,8
California Credible,9
Ohana Optimum,10
California Creator,11
Ohana Optimum,12
California Clever,13
Force Forum,14
Brain Buds,15
Force Fighter,16
Brain Bomb,17
Force Fox,18
California Crazy,19
Brain Breakdown,20
Brain Beta,21
Brain Bold,22
California Connect,23
California Circuit,24
Brain Bot,25
Nerd Native,26
California Clef,27
Nerd Natty,28
Force Flawless,29
California Concept,30
Brain Bit,31
Nerd Node,32
California Culture,33
California Champion,34
Ohana Organic,35
Force Fresh,36
Force Farm,37
California Collusion,38
Brain Blur,39
Brain Babies,40
Force Fusion,41
California Cutman,42
Force Free,43
California Classic,44
Brain Buff,45
California Create,46
Brain Bastion,47
California Creators,48
California Creativo,49
Brain Brig,50
California Complete,51
California Comfort,52
Brain Boho,53
Brain Burnout,54
Nerd National,55
California Chief,56
Brain Brazen,57
Brain Blush,58
Brain Backyard,59
California Cove,60
California Carrier,61
California Crazy,62
California Capital,63
Force Focus,64
Nerd Nibble,65
California Calm,66
Brain Baker,67
Force Flax,68
California Catalyst,69
Force Flair,70
Force Fission,71
Force Fad,72
Force Fluid,73
California Crumble,74
Brain Bros,75
California Corral,76
Ohana Of The Day,77
California Colossal,78
Ohana Oasis,79
California Cuddly,80
Force Fiscal,81
Nerd Naked,82
Nerd Naked,83
California Cloud,84
Force Forage,85
Force Faithful,86
Force First,87
California Castle,88
California Classic,89
Force Farmer,90
Brain Brigade,91
Brain Build,92
Brain Beguiling,93
California Commando,94
California Chomp,95
California Cyper,96
Nerd Naturally,97
California Creatives,98
Brain Brilliant,99
California Capital,100
Force Food,101
California Coco,102
Force Factory,103
Force Flash,104
Force Frost,105
California Comfort,106
California Companions,107
Ohana Ori,108
Force Fast,109
Brain Bonjour,110
Nerd Natural,111
Brain Bless,112
California Consulting,113
Force Faith,114
Force Flow,115
Force Fawn,116
California Cozy,117
Brain Bay,118
Force Food,119
Force Form,120
Force Feed,121
Brain Boo,122
Brain Blur,123
Ohana Ora,124
California Capsule,125
Brain Branch,126
California Cause,127
Force Fair,128
Force Form,129
Force Flourish,130
Brain Bloom,131
Force Froglet,132
California Clutch,133
California Crux,134
Force Fairy,135
California Core,136
Brain Beans,137
Force Fairy,138
Force Finesse,139
Brain Boulder,140
Brain Bewitch,141
Brain Bishop,142
California Cent,143
Nerd Nourish,144
Force Fleet,145
Force Friendly,146
Force Fable,147
Brain Blossom,148
Force Fisheye,149
Force Flair,150
Brain Balaji,151
Brain Bod,152
Nerd Nursery,153
Ohana Origin,154
California Customs,155
Brain Bobble,156
Brain Buggy,157
Brain Blaze,158
California Cellar,159
Brain Bright,160
Brain Bigger,161
Force Fodder,162
California Climate,163
Force Fortune,164
Brain Bridal,165
California Circuit,166
California Cold,167
Brain Bench,168
Ohana Ogre,169
California Cache,170
Brain Blush,171
California Capital,172
Brain Boom,173
California Crafty,174
Force Forage,175
Nerd Native,176
Force Flamingo,177
Force Fireside,178
California Collab,179
Force Functional,180
Force Frat,181
California Cloud,182
Brain Boy,183
California Check,184
Force Fulgent,185
Brain Blended,186
Force Freeze,187
Brain Burner,188
California Cut,189
California Crest,190
Force Foliage,191
California Circles,192
California Crib,193
California Cookie,194
Nerd Natty,195
California Classy,196
California Check,197
Force Fans,198
Brain Butterfly,199
California Captain,200